employeeId,employeeName,place,salary
1,Rawley,Bell Ville,99534
2,Etheline,Longxi,15798
3,Burty,Sebina,32385
4,Nissa,Deskáti,86385
5,Judie,Cikuray,11759
6,Janine,João Câmara,54508
7,Gaston,Kuczbork-Osada,26574
8,Jock,Ålesund,62591
9,Leonardo,Shibli,50519
10,Susannah,Pervoural’sk,26930
11,Susy,Liqiao,71912
12,Reena,Conroe,60985
13,Tabina,Sinfra,64604
14,Arlee,Chirpan,24944
15,Rebekkah,Edinburgh,89941
16,Irene,Kanungu,24992
17,Monty,Angers,98919
18,Lindsey,Khemisset,74419
19,Donnamarie,Haduohe,85150
20,Maureene,Marseille,78938
21,Lexi,Itaberaí,89338
22,Ermanno,Sirre,40822
23,Gavin,Bazzāryah,71835
24,Dena,Limache,56486
25,Kristen,Xiongzhou,51161
26,Fanchette,Erfurt,26933
27,Jerrie,Khodzhi-Gasan,44453
28,Stanwood,Santo António,54672
29,Brody,Nagoselo do Douro,60737
30,Rene,Baijiang,57785
31,Shanan,Trebisht-Muçinë,93783
32,Tristam,Detroit,11541
33,Daryl,Dongyuan,77494
34,Nannie,El Paso,92976
35,Martguerita,Ndago,53461
36,Norean,Três Pontas,52250
37,Gram,Lincuo,49984
38,Gerri,Mang’it Shahri,95990
39,Bee,Lancaster,17609
40,Aubert,Bến Cầu,34503
41,Burnaby,Dongtian,58990
42,Albertine,Panyindangan,11352
43,Stevie,Wadung,81852
44,Elsi,Newmarket on Fergus,92866
45,Krysta,Karolinka,74942
46,Vernon,Kharkiv,63154
47,Wenonah,Zhulan,80664
48,Hannis,Storuman,47447
49,Germain,Dayuanhuizu,58385
50,Maitilde,Gangkoujie,47648
51,Chryste,Jaguaribe,93696
52,Mordecai,Masarayao,69247
53,Jessamyn,Pasararba,51691
54,Spencer,Klimovsk,24150
55,Trent,Enskededalen,55760
56,Glenna,Xianghe,34833
57,Sigismund,Junkou,40612
58,Louisa,Cahors,95938
59,Maryjane,Bralin,52741
60,Lolly,Sagae,34865
61,Sebastiano,Monte Mor,27269
62,Mariette,Kajaani,91616
63,Gregory,Tongzha,70354
64,Ann-marie,Muurame,82222
65,Odele,Gunungkencana,29685
66,Mehetabel,Samayac,34984
67,Vivi,Weru,96826
68,Georgianne,Kuteynykove,62630
69,Edwina,Kunashak,35523
70,Sarine,Hongqi,57492
71,Ashia,Koson,95193
72,Cliff,Jatiwangi,80775
73,Elmira,Wenshui,66965
74,Albrecht,Lamoso,62514
75,Cherida,Villeneuve-la-Garenne,56880
76,Alfreda,Yuping,68861
77,Chiarra,Shibli,79635
78,Morse,Werang,72321
79,Astrix,Raposeira,13630
80,Shana,Klaeng,97249
81,Alaric,Masma,44856
82,Kaitlyn,Oakland,55336
83,Calypso,Arbais,63678
84,Estella,Qintong,49945
85,Bryn,Taipei,15200
86,Karee,Saraburi,58194
87,Pincas,Pombas,82183
88,Kelby,Cumaná,88414
89,Wang,Machagai,29919
90,Riccardo,Gaocun,36168
91,Peria,Fenjie,44429
92,Aubert,Jubaoshan,34576
93,Rodi,Avranches,32177
94,Debra,Niigata-shi,22264
95,Hattie,Itaboraí,22946
96,Kerrin,Rundeng,36955
97,Tallie,Qingkou,87413
98,Goddart,Noisy-le-Grand,59394
99,Cyndy,Villanueva,71594
100,Edyth,Glinka,89115
